participant_id,accuracy_near,accuracy_far,total_resp
15,0.675,1.35,40
97,0.525,0.8,40
179,0.625,1.25,40
178,0.75,1.2999999999999998,40
177,0.8,1.65,40
168,0.6499999999999999,1.1,40
165,0.625,1.1,40
158,0.675,1.6,40
155,0.7,1.2,40
140,0.7,1.2,40
116,0.95,1.65,40
96,0.75,1.05,40
51,0.825,1.5,40
90,0.9,1.7,40
87,0.875,1.4,40
84,0.8,1.4500000000000002,40
85,0.825,1.7,40
82,0.225,0.4,40
72,0.525,0.9,40
70,0.95,1.15,40
68,0.95,1.9,40
48,0.3,1.15,40
180,0.825,1.1,40
