participant_id,accuracy_near,accuracy_far,total_resp
15,0.675,1.35,40
51,0.825,1.5,40
48,0.3,1.15,40
68,0.95,1.9,40
70,0.95,1.15,40
82,0.225,0.4,40
85,0.825,1.7,40
84,0.8,1.4500000000000002,40
87,0.875,1.4,40
90,0.9,1.7,40
96,0.75,1.05,40
116,0.95,1.65,40
140,0.7,1.2,40
158,0.675,1.6,40
2,0.5249999999999999,1.5,40
4,0.8,1.65,40
