,Competence,Autonomy
1,-0.0625,-0.875
3,0.09375,1.125
5,-0.15625,0.03125
7,0.0,1.15625
9,0.21875,-0.625
11,0.5,0.6875
13,-0.25,-0.4375
15,0.0,0.1875
17,-0.09375,0.1875
19,0.375,-0.5
21,-0.84375,0.59375
